"Pass []","re(Mode(1)) [g]"
1,6.96865669569462
2,6.85121082005437
3,6.72928745905236
4,6.89305079014728
5,6.78842735569407
6,6.88531557872164
7,6.96653373516301
8,7.04130488623946
9,7.11445171235892
10,7.18608651092229
